ID,x,y,z,leftCentralRightRadiiAverage,centralRadiiAverageOf1Radii
6,531908.36,5.685170381e6,0.0,0.0,0.0
5,531809.546,5.685164983e6,0.0,0.0,200.0
4,531725.417,5.685112871e6,0.0,200.0,200.0
3,531676.57,5.685026805e6,0.0,200.0,200.0
2,531674.965,5.684927856e6,0.0,0.0,200.0
1,531720.995,5.684840251e6,0.0,0.0,0.0
