ID,x,y,z,leftCentralRightRadiiAverage,centralRadiiAverageOf1Radii
48,533563.466,5.685091199e6,0.0,0.0,0.0
47,533568.197,5.684891255e6,0.0,0.0,19997.0
46,533570.928,5.684691275e6,0.0,19998.0,20009.0
45,533571.66,5.684491277e6,0.0,20002.0,19990.0
44,533570.391,5.684291282e6,0.0,0.0,20009.0
43,533567.123,5.684091309e6,0.0,0.0,0.0
