ID,x,y,z,leftCentralRightRadiiAverage,centralRadiiAverageOf1Radii
30,530948.547,5.685395897e6,0.0,0.0,0.0
29,530915.604,5.685301523e6,0.0,0.0,1000.0
28,530892.247,5.685204332e6,0.0,1000.0,1000.0
27,530878.71,5.685105295e6,0.0,1000.0,1000.0
26,530875.127,5.685005401e6,0.0,0.0,1000.0
25,530881.535,5.684905648e6,0.0,0.0,0.0
